Name,Tm,OppTeam,1B,2B,3B,HR,H,R,RBI,HpRR,TBAv,XBH,14D,TBVol,AAvg,vOBA,xSABER,xSTAT,uLK,xRC,OVR,Date Today
Zach Cole,HOU,SEA,0.6,0.1,0.0,0.3,1,0.3,0.9,2.142857142857143,1.9999999999999998,0.3571428571428571,0.000,1.992,0.33875,0.941425,0.68,1.1,0.22862,0.42933333333333334,0.553717722222222,2026-05-14 00:00:00
Braden Shewmake,HOU,SEA,0.7,0.0,0.0,0.3,1,0.5,0.4,1.909090909090909,1.8181818181818181,0.3181818181818182,0.000,1.8465454545454545,0.35824999999999996,0.9438749999999999,0.55,1.2,0.2649,0.8954,0.6125833888888889,2026-05-14 00:00:00
Brandon Lowe,PIT,COL,0.3,0.3,0.0,0.2,0.8333333333333334,0.6,0.7,2.111111111111111,1.8055555555555554,0.2638888888888889,0.282,1.7716444444444444,0.28500000000000003,2.1023,0.56,1.0,0.10439999999999999,0.6930000000000001,0.7427779999999999,2026-05-14 00:00:00
Luke Raley,SEA,HOU,0.4,0.1,0.0,0.2,0.7297297297297297,0.4,0.6,1.810810810810811,1.621621621621622,0.4383445945945946,0.000,1.7532972972972976,0.2925,1.20075,0.65,1.0,0.13095999999999997,0.21833333333333335,0.5582183333333335,2026-05-14 00:00:00
Shea Langeliers,ATH,STL,0.6,0.2,0.0,0.2,1,0.5,0.5,2.027027027027027,1.9189189189189193,0.21525096525096526,0.389,1.7503351351351355,0.23,0.93825,0.54,0.9,0.15197999999999995,0.5803571428571429,0.529703888888889,2026-05-14 00:00:00
Christian Walker,HOU,SEA,0.5,0.2,0.0,0.2,0.8604651162790697,0.5,0.6,1.883720930232558,1.6046511627906979,0.2492732558139535,0.226,1.6581209302325584,0.3235,1.22105,0.61,1.0,0.14279999999999998,0.46951724137931033,0.595150049808429,2026-05-14 00:00:00
Yordan Alvarez,HOU,SEA,0.4,0.2,0.0,0.2,0.775,0.4,0.4,1.6,1.5,0.4375,0.212,1.6096000000000001,0.2845,1.63015,0.71,1.0,0.07219999999999999,0.7388181818181818,0.8048114242424242,2026-05-14 00:00:00
Dalton Rushing,LAD,SFG,0.4,0.1,0.0,0.3,0.7368421052631579,0.6,0.7,2.0526315789473686,1.7368421052631577,0.20148026315789475,0.000,1.5846736842105262,0.24025,1.1827999999999999,0.52,0.9,0.08411999999999997,0.37542857142857144,0.5699679999999999,2026-05-14 00:00:00
CJ Abrams,WSN,CIN,0.4,0.1,0.0,0.2,0.6904761904761905,0.5,0.7,1.8095238095238093,1.4761904761904763,0.36458333333333337,0.319,1.566552380952381,0.276,1.8431,0.51,1.0,0.09999999999999998,0.6126363636363635,0.6931241818181817,2026-05-14 00:00:00
Daniel Susac,SFG,LAD,0.3,0.3,0.2,0.0,0.8333333333333334,0.0,0.7,1.5,1.5,0.44642857142857145,0.000,1.5596,0.34199999999999997,0.81295,0.50,1.1,0.36,0.695,0.4233770000000001,2026-05-14 00:00:00
James Wood,WSN,CIN,0.3,0.2,0.0,0.2,0.6428571428571429,0.6,0.5,1.7380952380952381,1.4523809523809526,0.37648809523809523,0.222,1.547504761904762,0.258,1.7763499999999999,0.59,1.0,0.08485999999999998,0.327675,0.6352477777777777,2026-05-14 00:00:00
Josh Naylor,SEA,HOU,0.6,0.1,0.0,0.1,0.8611111111111112,0.3,0.4,1.6111111111111112,1.3611111111111112,0.3993055555555556,0.327,1.544888888888889,0.29400000000000004,1.5274999999999999,0.65,0.9,0.05538000000000004,0.5179545454545454,0.7019083838383837,2026-05-14 00:00:00
Maikel Garcia,KCR,CHW,0.4,0.2,0.0,0.1,0.75,0.6,0.3,1.625,1.3125,0.515625,0.314,1.53,0.3785,2.14785,0.61,1.2,0.2681,1.4076,0.8732878888888889,2026-05-14 00:00:00
Matt Olson,ATL,CHC,0.3,0.2,0.0,0.3,0.7692307692307693,0.6,0.6,1.948717948717949,1.7179487179487178,0.12980769230769232,0.267,1.5135589743589744,0.23249999999999998,1.4279499999999998,0.46,0.9,0.16746,0.57592,0.5313079333333335,2026-05-14 00:00:00
Daylen Lile,WSN,CIN,0.4,0.2,0.0,0.1,0.7619047619047619,0.5,0.5,1.738095238095238,1.4047619047619047,0.3705357142857143,0.279,1.5094095238095238,0.2665,1.68615,0.50,0.9,0.10259999999999997,0.5241739130434783,0.6156710289855074,2026-05-14 00:00:00
Brendan Donovan,SEA,HOU,0.4,0.1,0.0,0.1,0.7142857142857143,0.3,0.4,1.4285714285714286,1.2857142857142851,0.4151785714285714,0.000,1.4845714285714282,0.3085,2.021,0.55,1.0,0.12443999999999998,1.092,0.8292466666666666,2026-05-14 00:00:00
Andy Pages,LAD,SFG,0.6,0.1,0.0,0.2,0.9285714285714286,0.4,0.7,2.0476190476190474,1.5952380952380953,0.13392857142857142,0.289,1.4617904761904763,0.259,0.9276,0.51,0.8,0.12405999999999998,0.5213793103448275,0.5207488735632184,2026-05-14 00:00:00
Casey Schmitt,SFG,LAD,0.3,0.2,0.0,0.2,0.6875,0.4,0.3,1.4375,1.375,0.40736607142857145,0.283,1.4596,0.257,0.90655,0.51,0.9,0.13034,0.31436363636363635,0.47051926262626265,2026-05-14 00:00:00
Rafael Devers,SFG,LAD,0.4,0.2,0.0,0.1,0.6842105263157895,0.3,0.4,1.394736842105263,1.1842105263157894,0.6080827067669172,0.333,1.4201684210526315,0.26349999999999996,0.8938999999999999,0.64,0.9,0.13318,0.2074390243902439,0.47637026016260153,2026-05-14 00:00:00
Carlos Cortes,ATH,STL,0.6,0.2,0.0,0.1,0.8787878787878788,0.3,0.5,1.6363636363636362,1.4545454545454546,0.2424242424242424,0.258,1.4032363636363638,0.25075000000000003,1.62475,0.55,0.8,0.11846,1.287,0.7993849999999999,2026-05-14 00:00:00
Max Muncy,LAD,STL,0.4,0.1,0.0,0.2,0.7368421052631579,0.6,0.3,1.631578947368421,1.4736842105263157,0.18609022556390975,0.229,1.3941473684210526,0.202,1.06335,0.57,0.8,0.07125999999999998,0.42668965517241386,0.5604585478927204,2026-05-14 00:00:00
Randy Arozarena,SEA,HOU,0.7,0.2,0.0,0.1,0.95,0.6,0.3,1.8499999999999999,1.375,0.23125,0.348,1.3920000000000001,0.28900000000000003,0.9097,0.52,0.9,0.21361999999999995,0.49726470588235294,0.4412516732026145,2026-05-14 00:00:00
Luis Arraez,SFG,LAD,0.8,0.1,0.0,0.0,0.9722222222222222,0.3,0.2,1.4166666666666667,1.1388888888888888,0.5704365079365079,0.300,1.383911111111111,0.312,2.7496,0.58,0.9,0.17626000000000003,3.128,1.3593893333333333,2026-05-14 00:00:00
Ryan O'Hearn,PIT,COL,0.6,0.1,0.0,0.1,0.8157894736842105,0.4,0.5,1.7368421052631577,1.3157894736842102,0.19809941520467833,0.217,1.379831578947368,0.2815,1.9638999999999998,0.56,0.9,0.1274,0.46399999999999997,0.6055762222222223,2026-05-14 00:00:00
Jung Hoo Lee,SFG,LAD,0.5,0.2,0.0,0.0,0.775,0.3,0.2,1.2750000000000001,1.125,0.6044642857142857,0.203,1.3728,0.277,1.09975,0.62,0.9,0.09833999999999998,0.6581250000000001,0.6450311111111111,2026-05-14 00:00:00
Jackson Chourio,MIL,SDP,0.9,0.4,0.0,0.0,1.285714285714286,0.1,0.3,1.7142857142857144,1.714285714285714,0.10714285714285712,0.333,1.3714285714285712,0.1955,0.479,0.18,0.6,0.35625999999999997,1.07525,0.24321666666666658,2026-05-14 00:00:00
Tyler Soderstrom,ATH,STL,0.3,0.3,0.0,0.1,0.7058823529411765,0.6,0.4,1.7058823529411766,1.3823529411764706,0.3290441176470588,0.175,1.3698823529411766,0.2195,1.12025,0.50,0.7,0.09076,0.4017391304347826,0.5058864009661836,2026-05-14 00:00:00
Bobby Witt Jr.,KCR,CHW,0.3,0.2,0.1,0.1,0.6111111111111112,0.3,0.2,1.1111111111111112,1.1111111111111112,0.5208333333333334,0.327,1.3688888888888888,0.3335,2.1111,0.64,1.1,0.14409999999999995,0.6942857142857143,0.7517993333333335,2026-05-14 00:00:00
Brice Turang,MIL,SDP,0.6,0.2,0.0,0.2,0.9411764705882353,0.8,0.6,2.323529411764706,1.7058823529411764,0.09558823529411764,0.333,1.3647058823529412,0.165,0.74075,0.34,0.7,0.16052000000000002,0.6853846153846155,0.4086660256410257,2026-05-14 00:00:00
Julio Rodríguez,SEA,HOU,0.6,0.2,0.0,0.0,0.8536585365853658,0.3,0.2,1.4390243902439026,1.2195121951219512,0.3170731707317073,0.306,1.349609756097561,0.278,0.97115,0.54,0.8,0.16535999999999998,0.30797297297297294,0.43022476576576574,2026-05-14 00:00:00
Oneil Cruz,PIT,COL,0.4,0.1,0.0,0.1,0.6829268292682927,0.6,0.4,1.6829268292682928,1.268292682926829,0.21205962059620595,0.275,1.3418341463414631,0.253,1.6772999999999998,0.54,0.8,0.13163999999999998,0.21181818181818182,0.4854737575757576,2026-05-14 00:00:00
Michael Harris II,ATL,CHC,0.6,0.1,0.0,0.2,0.8918918918918919,0.4,0.5,1.756756756756757,1.4864864864864866,0.0884009009009009,0.286,1.3283891891891892,0.2495,1.15675,0.57,0.8,0.15253999999999998,0.694,0.5732961111111111,2026-05-14 00:00:00
Dillon Dingler,DET,NYM,0.3,0.2,0.0,0.2,0.6857142857142857,0.4,0.6,1.6285714285714286,1.3714285714285714,0.2419642857142857,0.238,1.3255428571428571,0.22575,0.8740999999999999,0.54,0.8,0.07086000000000002,0.3559090909090909,0.5275183232323232,2026-05-14 00:00:00
Jose Altuve,HOU,SEA,0.4,0.2,0.0,0.1,0.7368421052631579,0.5,0.3,1.5,1.1842105263157894,0.22861842105263158,0.261,1.3217684210526315,0.303,1.278,0.60,0.9,0.11277999999999996,0.4021153846153846,0.5669923076923076,2026-05-14 00:00:00
Jacob Wilson,ATH,STL,0.8,0.1,0.0,0.1,0.9722222222222222,0.4,0.4,1.7222222222222223,1.361111111111111,0.16269841269841268,0.316,1.3040888888888889,0.216,0.7813,0.46,0.7,0.14998,0.627,0.4535691111111111,2026-05-14 00:00:00
Nick Kurtz,ATH,STL,0.4,0.1,0.0,0.1,0.7297297297297297,0.6,0.4,1.7027027027027026,1.3243243243243241,0.24099099099099097,0.319,1.2990594594594593,0.22775,1.25715,0.63,0.8,0.12336,0.49699999999999994,0.5758401111111111,2026-05-14 00:00:00
Willy Adames,SFG,LAD,0.5,0.3,0.0,0.1,0.8157894736842105,0.3,0.3,1.394736842105263,1.3157894736842106,0.19266917293233082,0.263,1.2990315789473685,0.248,0.82865,0.57,0.7,0.12566000000000005,0.21446153846153845,0.414830452991453,2026-05-14 00:00:00
Kevin McGonigle,DET,NYM,0.5,0.3,0.1,0.1,0.875,0.6,0.3,1.725,1.3749999999999998,0.24375,0.205,1.2975999999999999,0.241,1.7780999999999998,0.49,0.8,0.15352,1.2178571428571427,0.7214993333333334,2026-05-14 00:00:00
Cal Raleigh,SEA,HOU,0.3,0.1,0.0,0.2,0.5405405405405406,0.4,0.4,1.3243243243243243,1.1351351351351353,0.31756756756756754,0.056,1.2821081081081083,0.23149999999999998,1.0169000000000001,0.46,0.8,0.0819,0.13599999999999998,0.4222217777777777,2026-05-14 00:00:00
Jesus Rodriguez,SFG,LAD,0.6,0.0,0.0,0.1,0.7142857142857143,0.1,0.6,1.4285714285714284,1.1428571428571426,0.35714285714285715,0.000,1.273885714285714,0.2725,0.9845,0.60,0.9,0.08061999999999996,0.41700000000000004,0.5776544444444446,2026-05-14 00:00:00
Jeremy Peña,HOU,SEA,0.5,0.3,0.0,0.0,0.8,0.4,0.0,1.2000000000000002,1.1,0.325,0.000,1.2720000000000002,0.27575,1.161525,0.58,0.8,0.11603999999999999,0.484,0.5461992777777778,2026-05-14 00:00:00
Freddie Freeman,LAD,SFG,0.5,0.3,0.0,0.1,0.8717948717948718,0.3,0.4,1.564102564102564,1.333333333333333,0.23958333333333331,0.326,1.2714666666666665,0.23349999999999999,1.8216999999999999,0.57,0.8,0.10300000000000001,0.7928235294117647,0.6713481437908497,2026-05-14 00:00:00
Dominic Canzone,SEA,HOU,0.3,0.2,0.0,0.1,0.5945945945945946,0.3,0.5,1.4054054054054053,1.1081081081081081,0.32432432432432434,0.000,1.2604864864864866,0.278,1.0382500000000001,0.62,0.9,0.0725,0.39119047619047626,0.6036338888888888,2026-05-14 00:00:00
Luis García Jr.,WSN,CIN,0.5,0.2,0.1,0.1,0.7837837837837838,0.4,0.5,1.7027027027027026,1.2432432432432434,0.24619932432432434,0.367,1.2597945945945948,0.2325,1.032225,0.50,0.7,0.10883999999999998,0.571625,0.5238151666666666,2026-05-14 00:00:00
Jake Meyers,HOU,SEA,0.5,0.1,0.0,0.1,0.7,0.4,0.2,1.3,1.1,0.20625,0.000,1.2544000000000002,0.34199999999999997,1.5072999999999999,0.59,1.0,0.18191999999999997,0.9157500000000001,0.6977057777777778,2026-05-14 00:00:00
Liam Hicks,MIA,MIN,0.6,0.1,0.0,0.2,0.8421052631578947,0.5,0.9,2.2105263157894735,1.5526315789473686,0.07236842105263158,0.243,1.242105263157895,0.1555,0.7145000000000001,0.31,0.6,0.06392,1.3995,0.6784766666666667,2026-05-14 00:00:00
Konnor Griffin,PIT,COL,0.5,0.1,0.0,0.1,0.7352941176470589,0.4,0.4,1.5588235294117645,1.1764705882352942,0.23937908496732024,0.283,1.2379764705882355,0.23175,1.2218749999999998,0.49,0.7,0.14279999999999998,0.2610322580645161,0.41218486559139783,2026-05-14 00:00:00
Nick Gonzales,PIT,COL,0.8,0.2,0.0,0.0,1,0.3,0.4,1.6666666666666667,1.1944444444444444,0.2708333333333333,0.293,1.2219555555555557,0.26549999999999996,0.8713500000000001,0.54,0.8,0.21953999999999996,0.7413,0.4799716666666667,2026-05-14 00:00:00
Spencer Horwitz,PIT,COL,0.5,0.2,0.0,0.1,0.717948717948718,0.3,0.4,1.4615384615384615,1.153846153846154,0.24465811965811968,0.286,1.2198769230769233,0.25025000000000003,1.901625,0.45,0.8,0.16052,0.6416666666666667,0.5553830555555556,2026-05-14 00:00:00
Dominic Smith,ATL,CHC,0.6,0.1,0.0,0.1,0.8484848484848485,0.4,0.5,1.7878787878787878,1.303030303030303,0.08303030303030302,0.000,1.2172242424242425,0.27275,1.077075,0.58,0.9,0.13039999999999996,1.1529090909090909,0.734844601010101,2026-05-14 00:00:00
Heliot Ramos,SFG,LAD,0.5,0.2,0.0,0.1,0.775,0.3,0.4,1.5,1.2,0.17589285714285713,0.281,1.2064,0.254,0.90345,0.50,0.7,0.17844,0.2959411764705882,0.3716305294117646,2026-05-14 00:00:00
Elias Díaz,KCR,CHW,0.2,0.2,0.0,0.2,0.5,0.3,0.5,1.3333333333333333,1.166666666666667,0.30208333333333337,0.000,1.1985333333333337,0.21700000000000003,1.2218,0.46,0.8,0.04712000000000001,0.462,0.5777979999999999,2026-05-14 00:00:00
Joey Bart,PIT,COL,0.6,0.0,0.0,0.1,0.75,0.3,0.3,1.375,1.125,0.21180555555555555,0.000,1.1968,0.29475,1.122325,0.50,0.9,0.28,0.5095999999999999,0.40322194444444437,2026-05-14 00:00:00
Riley Greene,DET,NYM,0.6,0.2,0.0,0.1,0.8292682926829268,0.5,0.4,1.6585365853658538,1.2439024390243902,0.22332317073170732,0.409,1.1927219512195122,0.238,1.1819,0.51,0.8,0.21843999999999997,0.4256,0.3938086666666668,2026-05-14 00:00:00
Joey Loperfido,HOU,SEA,0.5,0.3,0.0,0.0,0.75,0.3,0.3,1.35,1,0.3125,0.000,1.1920000000000002,0.30774999999999997,1.131525,0.60,0.9,0.30282,0.374,0.36687483333333337,2026-05-14 00:00:00
Christian Vázquez,HOU,SEA,0.4,0.1,0.0,0.1,0.6086956521739131,0.3,0.4,1.3043478260869565,0.9999999999999999,0.3043478260869565,0.194,1.192,0.27775,1.2373750000000001,0.52,0.8,0.15272000000000002,0.37846153846153846,0.4830195085470084,2026-05-14 00:00:00
Spencer Torkelson,DET,NYM,0.3,0.1,0.0,0.2,0.5641025641025641,0.3,0.4,1.205128205128205,1.153846153846154,0.22676282051282054,0.163,1.1822769230769232,0.2005,0.7725,0.55,0.7,0.05718000000000001,0.19425,0.46322666666666656,2026-05-14 00:00:00
Javier Báez,DET,NYM,0.5,0.2,0.0,0.0,0.8095238095238095,0.3,0.2,1.380952380952381,1.1904761904761905,0.22767857142857145,0.000,1.1807809523809525,0.23224999999999998,0.7343,0.42,0.7,0.19580000000000003,0.38407142857142856,0.3330202222222222,2026-05-14 00:00:00
Drake Baldwin,ATL,CHC,0.5,0.1,0.0,0.2,0.75,0.5,0.5,1.775,1.2999999999999998,0.08333333333333333,0.261,1.1791999999999998,0.21500000000000002,1.2814999999999999,0.57,0.7,0.10508,0.3434117647058824,0.49907640522875824,2026-05-14 00:00:00
Xavier Edwards,MIA,MIN,0.7,0.2,0.1,0.1,0.9736842105263158,0.6,0.2,1.736842105263158,1.473684210526316,0.07894736842105264,0.273,1.1789473684210527,0.1555,1.1171000000000002,0.25,0.6,0.1774,1.0885,0.4602948888888888,2026-05-14 00:00:00
Yainer Diaz,HOU,SEA,0.4,0.1,0.0,0.1,0.64,0.1,0.5,1.24,1,0.20625,0.000,1.1744,0.29,1.0543,0.54,0.8,0.10371999999999998,0.3271428571428572,0.4975824444444444,2026-05-14 00:00:00
Kerry Carpenter,DET,NYM,0.3,0.1,0.1,0.2,0.5675675675675675,0.3,0.5,1.2972972972972974,1.2162162162162162,0.22381756756756757,0.000,1.170572972972973,0.199,1.0225,0.50,0.7,0.10281999999999995,0.20767567567567569,0.42345696696696705,2026-05-14 00:00:00
Spencer Steer,CIN,WSN,0.2,0.1,0.0,0.2,0.5,0.2,0.3,1,1.1111111111111112,0.2881944444444444,0.306,1.160088888888889,0.2465,1.1265,0.44,0.9,0.14242,0.48171428571428576,0.5071611111111111,2026-05-14 00:00:00
Drew Gilbert,SFG,LAD,0.6,0.0,0.0,0.1,0.6956521739130435,0.3,0.3,1.3478260869565217,1,0.35403726708074534,0.212,1.1596000000000002,0.279,1.11835,0.54,0.8,0.16248,0.6111,0.537229,2026-05-14 00:00:00
Tyler Black,MIL,SDP,0.6,0.4,0.0,0.0,1,0.2,0.8,2,1.4444444444444444,0.1111111111111111,0.000,1.1555555555555557,0.173,0.1945,0.11,0.6,0.4005,0.4942857142857143,-0.02476333333333336,2026-05-14 00:00:00
J.P. Crawford,SEA,HOU,0.3,0.1,0.0,0.1,0.5428571428571428,0.4,0.3,1.3142857142857143,0.9714285714285715,0.3,0.222,1.1511428571428572,0.2545,1.5055,0.58,0.8,0.026880000000000015,0.3840952380952381,0.6382466666666667,2026-05-14 00:00:00
Byron Buxton,MIN,MIA,0.4,0.1,0.0,0.2,0.6819221967963387,0.5,0.3,1.513157894736842,1.4353546910755148,0.08209382151029748,0.320,1.148283752860412,0.12625,0.303325,0.27,0.5,0.10351000000000002,0.31159574468085105,0.2673251973995272,2026-05-14 00:00:00
Miguel Vargas,CHW,KCR,0.2,0.1,0.0,0.2,0.4827586206896552,0.3,0.3,1.103448275862069,1.1379310344827587,0.35021551724137934,0.308,1.1447448275862069,0.249,2.2525,0.57,1.0,0.04830000000000001,1.1107142857142858,0.9220166666666666,2026-05-14 00:00:00
José Tena,WSN,CIN,0.4,0.2,0.0,0.1,0.6451612903225806,0.3,0.4,1.3225806451612905,1.096774193548387,0.2444556451612903,0.286,1.1426193548387098,0.23700000000000002,0.978775,0.52,0.8,0.16651999999999997,0.26730769230769236,0.3989415427350428,2026-05-14 00:00:00
Everson Pereira,CHW,KCR,0.5,0.1,0.0,0.1,0.7,0.1,0.3,1.0999999999999999,1.1,0.2375,0.000,1.1372000000000002,0.29125,1.4107249999999998,0.51,1.0,0.34676000000000007,0.6483333333333334,0.41136127777777765,2026-05-14 00:00:00
Gleyber Torres,DET,NYM,0.8,0.0,0.0,0.1,0.9032258064516129,0.3,0.2,1.4193548387096775,1.096774193548387,0.1723790322580645,0.000,1.1366193548387098,0.251,1.1325,0.44,0.7,0.21222000000000002,0.7602222222222222,0.4614255555555555,2026-05-14 00:00:00
Isaac Paredes,HOU,SEA,0.5,0.1,0.0,0.1,0.6578947368421053,0.4,0.3,1.3157894736842106,0.9473684210526315,0.18914473684210525,0.327,1.1322947368421055,0.2995,1.2808000000000002,0.57,0.8,0.12113999999999998,0.36166666666666664,0.525919111111111,2026-05-14 00:00:00
Mookie Betts,LAD,SFG,0.3,0.1,0.0,0.2,0.5454545454545454,0.6,0.6,1.818181818181818,1.1818181818181817,0.13068181818181818,0.000,1.1310545454545453,0.2015,1.22845,0.41,0.7,0.011039999999999994,0.30000000000000004,0.5119447777777777,2026-05-14 00:00:00
Mauricio Dubón,ATL,CHC,0.4,0.2,0.1,0.1,0.6756756756756757,0.4,0.4,1.4054054054054057,1.1891891891891895,0.10432432432432434,0.239,1.1261513513513517,0.21925,1.186425,0.50,0.7,0.11521999999999998,0.5172222222222222,0.5090377222222222,2026-05-14 00:00:00
Colt Keith,DET,NYM,0.7,0.2,0.0,0.0,0.9473684210526315,0.3,0.2,1.4473684210526314,1.1578947368421053,0.20888157894736842,0.290,1.1239157894736844,0.2495,0.9784999999999999,0.57,0.7,0.18837999999999996,0.49050000000000005,0.43817000000000006,2026-05-14 00:00:00
Brent Rooker,ATH,STL,0.3,0.0,0.0,0.2,0.5652173913043478,0.3,0.6,1.5217391304347825,1.1304347826086958,0.16149068322981366,0.286,1.1195478260869567,0.166,0.9759499999999999,0.54,0.6,0.01939999999999998,0.22162500000000002,0.4911564444444445,2026-05-14 00:00:00
Carlos Correa,HOU,SEA,0.5,0.2,0.0,0.0,0.7142857142857143,0.5,0.3,1.5,0.9285714285714286,0.20982142857142858,0.000,1.117257142857143,0.296,1.2772999999999999,0.62,0.8,0.1238,0.3143478260869565,0.5172442801932366,2026-05-14 00:00:00
Zack Gelof,ATH,STL,0.3,0.1,0.0,0.1,0.5714285714285714,0.4,0.4,1.3809523809523807,1.095238095238095,0.22619047619047616,0.282,1.115790476190476,0.22225,0.8254999999999999,0.55,0.8,0.12332,0.2912,0.45091266666666674,2026-05-14 00:00:00
Juan Soto,NYM,DET,0.6,0.1,0.0,0.1,0.8695652173913043,0.3,0.4,1.6086956521739129,1.3913043478260865,0.0652173913043478,0.182,1.1130434782608691,0.1725,0.93505,0.32,0.6,0.15759999999999996,1.1039999999999999,0.524511888888889,2026-05-14 00:00:00
Taylor Trammell,HOU,SEA,0.7,0.1,0.0,0.0,0.8,0.3,0.4,1.5,0.8999999999999999,0.275,0.000,1.112,0.32875,1.281825,0.70,0.9,0.30494,0.522,0.45799061111111095,2026-05-14 00:00:00
Will Smith,LAD,SFG,0.6,0.1,0.0,0.1,0.7878787878787878,0.3,0.5,1.606060606060606,1.1515151515151514,0.10795454545454546,0.219,1.1068121212121211,0.243,1.1121,0.47,0.7,0.10299999999999997,0.6367499999999999,0.5354048888888888,2026-05-14 00:00:00
Jeff McNeil,ATH,STL,0.6,0.2,0.0,0.0,0.8108108108108109,0.2,0.3,1.3513513513513513,1.0810810810810811,0.22072072072072071,0.265,1.104464864864865,0.23275,0.8275999999999999,0.51,0.7,0.14715999999999996,0.6043333333333333,0.4777648888888889,2026-05-14 00:00:00
Nico Hoerner,CHC,ATL,0.4,0.2,0.0,0.1,0.68,0.3,0.5,1.44,1.08,0.2475,0.214,1.1024,0.248,1.1402,0.52,0.8,0.15006,0.858375,0.6073636666666666,2026-05-14 00:00:00
Shohei Ohtani,LAD,SFG,0.4,0.1,0.0,0.1,0.6388888888888888,0.6,0.4,1.5555555555555556,1.1111111111111112,0.21875,0.150,1.093688888888889,0.1955,1.6256499999999998,0.61,0.7,0.040920000000000026,0.27564864864864863,0.564356177177177,2026-05-14 00:00:00
Kyle Schwarber,PHI,BOS,0.2,0.1,0.0,0.1,0.4375,0.3,0.3,0.96875,1,0.14174107142857142,0.296,1.0936000000000001,0.2315,0.7503,0.65,0.8,0.08509999999999997,0.23,0.5177624444444445,2026-05-14 00:00:00
Elly De La Cruz,CIN,WSN,0.2,0.1,0.0,0.2,0.4482758620689655,0.2,0.5,1.206896551724138,1.0344827586206897,0.2478448275862069,0.321,1.0891862068965519,0.2375,0.937225,0.53,0.9,0.12519999999999998,0.38576923076923075,0.5230488846153846,2026-05-14 00:00:00
Cole Young,SEA,HOU,0.5,0.1,0.0,0.0,0.5952380952380952,0.4,0.3,1.3095238095238093,0.7857142857142856,0.3794642857142857,0.143,1.0845714285714285,0.28400000000000003,1.3989,0.58,0.8,0.15288000000000002,0.3325,0.49593177777777786,2026-05-14 00:00:00
Kyle Tucker,LAD,SFG,0.5,0.2,0.0,0.1,0.7073170731707317,0.6,0.3,1.5853658536585364,1.0975609756097562,0.21722560975609756,0.316,1.082848780487805,0.212,1.6920499999999998,0.49,0.7,0.13099999999999998,0.46153846153846156,0.4986982136752136,2026-05-14 00:00:00
Teoscar Hernández,LAD,SFG,0.5,0.1,0.0,0.1,0.7027027027027027,0.4,0.5,1.5675675675675675,1.1081081081081081,0.1566722972972973,0.282,1.0816864864864866,0.21825,1.0905,0.49,0.7,0.15506,0.2108,0.35756066666666675,2026-05-14 00:00:00
Manny Machado,SDP,MIL,0.3,0.2,0.0,0.1,0.5714285714285714,0.4,0.1,1.0714285714285714,1,0.2857142857142857,0.111,1.076,0.27,2.0482,0.66,0.9,0.13663999999999998,1.0822500000000002,0.819782,2026-05-14 00:00:00
Francisco Lindor,NYM,DET,0.5,0.1,0.1,0.1,0.7619047619047619,0.5,0.2,1.476190476190476,1.3333333333333335,0.07142857142857142,0.000,1.0666666666666669,0.116,0.3692,0.28,0.5,0.09006000000000002,0.3138823529411765,0.2648679477124183,2026-05-14 00:00:00
Jake Bauers,MIL,SDP,0.4,0.2,0.0,0.1,0.75,0.6,0.5,1.8333333333333335,1.3333333333333335,0.0763888888888889,0.290,1.0666666666666669,0.1405,0.45345,0.27,0.5,0.16346,0.4323076923076924,0.25707093162393163,2026-05-14 00:00:00
Griffin Conine,MIA,MIN,0.2,0.1,0.0,0.2,0.5555555555555556,0.4,0.4,1.4444444444444444,1.3333333333333333,0.08333333333333333,0.000,1.0666666666666667,0.1565,0.40735,0.45,0.7,0.053000000000000005,0.4382,0.4938592222222223,2026-05-14 00:00:00
Cam Smith,HOU,SEA,0.3,0.1,0.0,0.1,0.5348837209302325,0.3,0.3,1.1860465116279069,0.86046511627907,0.20276162790697677,0.186,1.062772093023256,0.286,1.2119499999999999,0.65,0.8,0.09817999999999999,0.22681578947368422,0.5303231988304093,2026-05-14 00:00:00
Bryan Reynolds,PIT,COL,0.4,0.1,0.1,0.1,0.6153846153846154,0.5,0.3,1.4102564102564104,0.9487179487179487,0.2254273504273504,0.282,1.055774358974359,0.23375,1.580125,0.54,0.8,0.14344,0.35933333333333334,0.4868419444444445,2026-05-14 00:00:00
Hyeseong Kim,LAD,SFG,0.6,0.1,0.0,0.0,0.7777777777777778,0.4,0.3,1.4444444444444444,1.074074074074074,0.15567129629629628,0.214,1.0544592592592592,0.23625,1.23765,0.46,0.7,0.17235999999999996,0.4334736842105263,0.4117160760233918,2026-05-14 00:00:00
Ozzie Albies,ATL,CHC,0.5,0.0,0.0,0.1,0.6578947368421053,0.6,0.4,1.6052631578947372,1.0789473684210522,0.0694736842105263,0.239,1.0379578947368417,0.21625,1.186075,0.45,0.7,0.11986000000000002,0.4828571428571429,0.46753227777777767,2026-05-14 00:00:00
Ronald Acuña Jr.,ATL,CHC,0.5,0.2,0.0,0.1,0.71875,0.3,0.3,1.25,1.0625,0.0846875,0.000,1.0248000000000002,0.22325,1.332175,0.53,0.7,0.12237999999999999,0.5768421052631579,0.5295385116959064,2026-05-14 00:00:00
Ceddanne Rafaela,BOS,PHI,0.4,0.2,0.1,0.1,0.7222222222222222,0.4,0.4,1.611111111111111,1.2777777777777777,0.08333333333333334,0.325,1.0222222222222221,0.224,0.16345,0.45,0.8,0.37216,0.5294545454545455,0.2129498282828282,2026-05-14 00:00:00
Jordan Walker,STL,ATH,0.2,0.1,0.0,0.1,0.375,0.3,0.3,1,0.8333333333333334,0.2708333333333333,0.318,1.0190666666666668,0.26175000000000004,1.796475,0.55,1.0,0.09956,0.3091666666666667,0.5969618333333333,2026-05-14 00:00:00
Derek Hill,CHW,KCR,0.4,0.0,0.0,0.2,0.5,0.3,0.2,0.95,0.95,0.225,0.000,1.0172,0.25825,1.247825,0.62,0.9,0.09163999999999997,0.41990000000000005,0.6120792777777778,2026-05-14 00:00:00
William Contreras,MIL,SDP,0.7,0.1,0.0,0.1,0.8947368421052632,0.4,0.6,1.9210526315789473,1.263157894736842,0.052631578947368404,0.349,1.0105263157894737,0.153,0.9109,0.25,0.5,0.14583999999999997,1.2518181818181817,0.5157119797979798,2026-05-14 00:00:00
Austin Riley,ATL,CHC,0.3,0.1,0.0,0.1,0.5,0.4,0.4,1.2631578947368423,0.9999999999999997,0.09767206477732791,0.267,1.0103999999999997,0.187,0.673,0.46,0.6,0.05073999999999998,0.13697297297297298,0.387047987987988,2026-05-14 00:00:00
Otto Lopez,MIA,MIN,0.6,0.2,0.0,0.1,0.8333333333333334,0.5,0.3,1.5952380952380953,1.2619047619047619,0.0654761904761905,0.367,1.0095238095238095,0.146,0.2476,0.27,0.5,0.17665999999999998,0.3990666666666666,0.20943466666666666,2026-05-14 00:00:00
Fernando Tatis Jr.,SDP,MIL,0.3,0.2,0.1,0.0,0.5454545454545454,0.4,0.0,0.909090909090909,0.909090909090909,0.2824675324675324,0.256,1.003272727272727,0.23399999999999999,1.1675,0.82,0.8,0.09214,0.293625,0.590625,2026-05-14 00:00:00
Brice Matthews,HOU,SEA,0.3,0.1,0.0,0.1,0.4482758620689655,0.3,0.3,1.0344827586206895,0.7586206896551724,0.2931034482758621,0.220,0.9988965517241379,0.26325,1.095825,0.64,0.8,0.09862,0.19727272727272727,0.5028380858585857,2026-05-14 00:00:00
Parker Meadows,DET,NYM,0.6,0.1,0.1,0.0,0.75,0.2,0.2,1.0833333333333335,1,0.19791666666666666,0.000,0.9976,0.2145,0.9623999999999999,0.52,0.6,0.15839999999999999,0.2827,0.36577777777777776,2026-05-14 00:00:00
Connor Norby,MIA,MIN,0.5,0.2,0.0,0.1,0.7575757575757576,0.2,0.3,1.3333333333333333,1.2424242424242422,0.07575757575757575,0.258,0.9939393939393938,0.1375,0.24795,0.27,0.5,0.22122,0.23157894736842105,0.11577688304093572,2026-05-14 00:00:00
José Fermín,STL,ATH,0.2,0.1,0.0,0.1,0.4285714285714285,0.2,0.2,0.8571428571428571,0.7857142857142856,0.27232142857142855,0.000,0.9809714285714286,0.27925,2.206775,0.55,1.0,0.10536000000000005,0.6,0.7001020555555555,2026-05-14 00:00:00
Ramón Urías,STL,ATH,0.1,0.1,0.0,0.1,0.2857142857142857,0.4,0.2,0.8571428571428572,0.7857142857142855,0.27232142857142855,0.000,0.9809714285714285,0.25425,2.080975,0.54,1.0,0.0019000000000000128,0.35,0.7486807222222223,2026-05-14 00:00:00
Carson Kelly,CHC,ATL,0.4,0.1,0.0,0.1,0.5652173913043478,0.4,0.3,1.3043478260869565,0.9130434782608696,0.19972826086956522,0.000,0.9776347826086957,0.26325,1.509125,0.51,0.9,0.19186000000000003,1.197,0.6992919444444443,2026-05-14 00:00:00
Jordan Beck,COL,PIT,0.3,0.1,0.0,0.0,0.5714285714285714,0.3,0.2,1.1428571428571428,0.9523809523809522,0.0845238095238095,0.000,0.9663047619047619,0.257,1.31725,0.54,0.8,0.18691999999999998,0.405,0.46282055555555557,2026-05-14 00:00:00
Colson Montgomery,CHW,KCR,0.1,0.1,0.0,0.1,0.3571428571428572,0.2,0.3,0.8571428571428573,0.8571428571428568,0.14732142857142855,0.220,0.9657142857142855,0.20850000000000002,0.9591999999999999,0.44,0.8,0.07223999999999998,0.16275,0.44710422222222224,2026-05-14 00:00:00
Masyn Winn,STL,ATH,0.3,0.2,0.0,0.0,0.5,0.1,0.2,0.8333333333333333,0.6666666666666667,0.4166666666666667,0.261,0.9637333333333336,0.32599999999999996,1.8497999999999999,0.53,1.0,0.17476,1.365,0.8229835555555555,2026-05-14 00:00:00
Matt Chapman,SFG,LAD,0.5,0.1,0.0,0.0,0.6578947368421053,0.3,0.3,1.1842105263157894,0.894736842105263,0.14661654135338345,0.125,0.9621894736842105,0.23349999999999999,0.96635,0.46,0.7,0.15089999999999998,0.22338235294117645,0.3424613921568627,2026-05-14 00:00:00
Sal Stewart,CIN,WSN,0.1,0.1,0.0,0.1,0.3636363636363636,0.2,0.1,0.7272727272727273,0.8636363636363639,0.2755681818181818,0.170,0.9621090909090912,0.2395,1.6738000000000002,0.71,0.9,-0.06510000000000002,0.712,0.9093880000000001,2026-05-14 00:00:00
Hunter Goodman,COL,PIT,0.2,0.1,0.0,0.1,0.375,0.3,0.3,0.9583333333333333,0.8333333333333334,0.09895833333333333,0.190,0.9610666666666667,0.23099999999999998,1.1007500000000001,0.55,0.8,0.20599999999999996,0.14625000000000002,0.3548838888888889,2026-05-14 00:00:00
Miguel Andujar,SDP,MIL,0.3,0.1,0.0,0.1,0.5,0.1,0.3,0.9285714285714285,0.857142857142857,0.1964285714285714,0.256,0.9533142857142856,0.24425,1.225225,0.58,0.8,0.09659999999999999,0.32142857142857145,0.5181357222222223,2026-05-14 00:00:00
Dansby Swanson,CHC,ATL,0.3,0.0,0.0,0.1,0.44,0.3,0.4,1.2,0.88,0.19625,0.146,0.9512,0.21725,0.8719750000000001,0.48,0.8,0.10572,0.31666666666666665,0.44926516666666666,2026-05-14 00:00:00
Matt Shaw,CHC,ATL,0.3,0.2,0.0,0.0,0.56,0.2,0.2,1.04,0.88,0.21625,0.000,0.9512,0.25525,0.893675,0.48,0.8,0.19992,0.7917142857142857,0.509769388888889,2026-05-14 00:00:00
Alex Freeland,LAD,SFG,0.5,0.1,0.0,0.1,0.65625,0.3,0.3,1.25,0.9375,0.1484375,0.000,0.9452,0.21625,1.2303,0.49,0.7,0.15089999999999998,0.2692413793103448,0.37963891954022994,2026-05-14 00:00:00
Brady House,WSN,CIN,0.3,0.1,0.0,0.1,0.5,0.4,0.4,1.3055555555555556,1,0.11805555555555555,0.229,0.9448000000000001,0.1555,0.4363,0.44,0.5,0.05502,0.12714285714285714,0.3304802222222222,2026-05-14 00:00:00
Marcell Ozuna,PIT,COL,0.3,0.1,0.0,0.1,0.53125,0.3,0.3,1.09375,0.84375,0.2690972222222222,0.263,0.9414,0.17149999999999999,0.67835,0.49,0.5,0.05677999999999998,0.10842857142857143,0.3598365555555556,2026-05-14 00:00:00
Bryce Harper,PHI,BOS,0.3,0.0,0.0,0.1,0.4193548387096774,0.2,0.3,0.9677419354838708,0.8064516129032259,0.1117511520737327,0.261,0.9387612903225808,0.2285,0.7967500000000001,0.57,0.7,0.08889999999999998,0.3136,0.4878796666666668,2026-05-14 00:00:00
Chase Meidroth,CHW,KCR,0.4,0.3,0.0,0.0,0.625,0.5,0.0,1.125,0.875,0.34375,0.317,0.9344000000000001,0.27649999999999997,1.4641,0.56,0.9,0.23688,0.7726666666666666,0.5412015555555556,2026-05-14 00:00:00
Bryce Eldridge,SFG,LAD,0.1,0.0,0.0,0.1,0.2857142857142857,0.1,0.1,0.5714285714285713,0.714285714285714,0.35714285714285715,0.000,0.9310285714285712,0.186,0.9285,0.71,0.6,-0.18886000000000003,0.06,0.7055366666666667,2026-05-14 00:00:00
Jorge Mateo,ATL,CHC,0.5,0.1,0.0,0.1,0.6666666666666666,0.6,0.3,1.5555555555555554,0.9444444444444444,0.07166666666666666,0.000,0.9303555555555556,0.26825,1.011375,0.47,0.8,0.27592,0.637,0.3892058333333333,2026-05-14 00:00:00
Jorge Polanco,NYM,DET,0.4,0.2,0.0,0.1,0.6923076923076923,0.2,0.2,1.0000000000000002,1.153846153846154,0.07692307692307693,0.000,0.9230769230769232,0.1125,0.49325,0.15,0.4,0.1436,0.41785714285714287,0.1947727777777778,2026-05-14 00:00:00
Jacob Young,WSN,CIN,0.5,0.1,0.0,0.1,0.5945945945945946,0.4,0.3,1.2972972972972974,0.8108108108108109,0.19890202702702703,0.196,0.9138486486486488,0.20700000000000002,0.954275,0.43,0.6,0.1035,0.2868421052631579,0.3822945116959064,2026-05-14 00:00:00
Zach McKinstry,DET,NYM,0.4,0.2,0.0,0.1,0.55,0.1,0.3,0.9,0.8499999999999999,0.20625,0.000,0.9083999999999999,0.19274999999999998,0.8492500000000001,0.35,0.6,0.16069999999999998,0.23538461538461536,0.2721626923076923,2026-05-14 00:00:00
Joe Mack,MIA,MIN,0.4,0.4,0.0,0.0,0.75,0.4,0.3,1.375,1.125,0.09375,0.000,0.9,0.143,0.1763,0.29,0.5,0.2288,0.286,0.11963577777777779,2026-05-14 00:00:00
Munetaka Murakami,CHW,KCR,0.2,0.0,0.0,0.1,0.3333333333333333,0.2,0.3,0.8333333333333333,0.7666666666666666,0.13541666666666666,0.205,0.8933333333333333,0.21350000000000002,1.16505,0.53,0.8,0.10908,0.20636363636363636,0.47054926262626257,2026-05-14 00:00:00
Henry Davis,PIT,COL,0.2,0.1,0.0,0.1,0.4074074074074074,0.3,0.2,0.9259259259259259,0.7407407407407407,0.22685185185185186,0.000,0.8893925925925925,0.19025,1.4762749999999998,0.50,0.6,0.008660000000000008,0.20058823529411765,0.5150534281045752,2026-05-14 00:00:00
Ian Happ,CHC,ATL,0.2,0.1,0.0,0.1,0.36,0.3,0.3,0.96,0.8,0.20625,0.211,0.8872000000000001,0.18625,0.721675,0.41,0.7,0.10549999999999997,0.12863157894736843,0.3343728976608186,2026-05-14 00:00:00
Lawrence Butler,ATH,STL,0.3,0.1,0.0,0.1,0.4857142857142857,0.3,0.3,1.1142857142857143,0.8,0.20238095238095238,0.138,0.8796000000000002,0.17525000000000002,0.8712499999999999,0.55,0.6,0.014520000000000005,0.1732258064516129,0.4628693369175626,2026-05-14 00:00:00
Adolis García,PHI,BOS,0.2,0.1,0.0,0.1,0.4230769230769231,0.3,0.2,0.9230769230769231,0.7692307692307694,0.19093406593406592,0.216,0.8741846153846156,0.236,0.87645,0.64,0.8,0.10634,0.32246153846153847,0.5106195641025641,2026-05-14 00:00:00
MJ Melendez,NYM,DET,0.3,0.1,0.0,0.1,0.5909090909090909,0.2,0.3,1.0909090909090908,1.090909090909091,0.0681818181818182,0.000,0.8727272727272729,0.13,0.31784999999999997,0.28,0.5,0.22024000000000002,0.247,0.13704655555555553,2026-05-14 00:00:00
Freddy Fermin,SDP,MIL,0.3,0.3,0.0,0.0,0.5,0.1,0.1,0.75,0.75,0.20535714285714285,0.000,0.8676000000000001,0.28575,1.335375,0.86,0.9,0.11499999999999996,0.49950000000000006,0.688871388888889,2026-05-14 00:00:00
Starling Marte,KCR,CHW,0.6,0.1,0.0,0.0,0.6666666666666666,0.1,0.2,0.9166666666666667,0.75,0.23958333333333334,0.000,0.8652000000000002,0.2555,1.11665,0.47,0.7,0.28174000000000005,0.3422222222222222,0.28027566666666653,2026-05-14 00:00:00
Felix Reyes,PHI,BOS,0.3,0.0,0.0,0.1,0.375,0.3,0.3,0.875,0.75,0.17410714285714285,0.000,0.8588000000000001,0.184,0.5527500000000001,0.69,0.6,-0.11606,0.0948,0.5985745555555556,2026-05-14 00:00:00
Drew Millas,WSN,CIN,0.3,0.1,0.0,0.0,0.4782608695652174,0.3,0.3,1.0869565217391304,0.7391304347826085,0.2153532608695652,0.000,0.856504347826087,0.193,1.0147249999999999,0.42,0.6,0.09272,0.20357142857142857,0.36494127777777774,2026-05-14 00:00:00
Ryan Jeffers,MIN,MIA,0.4,0.1,0.0,0.1,0.6019061583577713,0.4,0.5,1.5146627565982405,1.067448680351906,0.059017595307917885,0.313,0.853958944281525,0.1485,0.7590749999999999,0.29,0.6,0.13496,0.61776,0.37466841111111115,2026-05-14 00:00:00
Carson Benge,NYM,DET,0.4,0.1,0.0,0.1,0.6666666666666666,0.4,0.3,1.3888888888888888,1.0555555555555556,0.05555555555555555,0.325,0.8444444444444446,0.111,0.35660000000000003,0.29,0.4,0.06246,0.3088695652173913,0.2739750338164251,2026-05-14 00:00:00
Shay Whitcomb,HOU,SEA,0.1,0.0,0.0,0.1,0.2222222222222222,0.1,0.4,0.7777777777777777,0.5555555555555556,0.2777777777777778,0.000,0.8364444444444445,0.24575,1.0189249999999999,0.53,0.8,0.11,0.091,0.43342105555555555,2026-05-14 00:00:00
Harrison Bader,SFG,LAD,0.2,0.0,0.0,0.1,0.3333333333333333,0.3,0.1,0.7333333333333334,0.7333333333333332,0.14047619047619048,0.000,0.8330666666666666,0.175,0.78175,0.45,0.5,-0.02976000000000001,0.03888888888888889,0.4083316666666666,2026-05-14 00:00:00
Mark Vientos,NYM,DET,0.4,0.1,0.0,0.1,0.5666666666666667,0.3,0.5,1.3,1.0333333333333332,0.04999999999999999,0.250,0.8266666666666667,0.1135,0.29300000000000004,0.22,0.4,0.11262000000000001,0.2368695652173913,0.1921723671497585,2026-05-14 00:00:00
Edmundo Sosa,PHI,BOS,0.5,0.1,0.0,0.0,0.5882352941176471,0.2,0.2,0.9411764705882353,0.7058823529411764,0.1722689075630252,0.000,0.8235058823529412,0.244,0.80305,0.62,0.7,0.13692,0.3706666666666667,0.4486885555555556,2026-05-14 00:00:00
Brett Sullivan,COL,PIT,0.3,0.2,0.0,0.0,0.5384615384615384,0.0,0.5,1,0.7692307692307694,0.0826923076923077,0.000,0.8197846153846156,0.2615,1.3316,0.49,0.8,0.2602,0.5328,0.40029666666666663,2026-05-14 00:00:00
Mike Yastrzemski,ATL,CHC,0.4,0.1,0.0,0.0,0.6,0.4,0.3,1.225,0.85,0.06458333333333333,0.276,0.8192,0.1925,1.19095,0.53,0.6,0.10013999999999999,0.26751851851851854,0.4173888518518518,2026-05-14 00:00:00
Andrew Vaughn,MIL,SDP,0.3,0.0,0.0,0.2,0.5,0.2,0.7,1.3333333333333335,1.0000000000000002,0.04166666666666668,0.000,0.8000000000000003,0.1,0.0875,0.29,0.4,-0.0049000000000000155,0.2,0.30237222222222226,2026-05-14 00:00:00
Christian Yelich,MIL,SDP,0.5,0.1,0.0,0.1,0.6875,0.6,0.4,1.6875,1,0.046875,0.000,0.8,0.153,0.39125,0.19,0.5,0.27638,0.45899999999999996,0.11394833333333332,2026-05-14 00:00:00
Kyle Stowers,MIA,MIN,0.5,0.2,0.0,0.1,0.6842105263157895,0.5,0.2,1.3157894736842106,1,0.05263157894736843,0.220,0.8,0.114,0.44505,0.27,0.4,0.11953999999999998,0.2816470588235294,0.21491306535947713,2026-05-14 00:00:00
Ronny Mauricio,NYM,DET,0.6,0.0,0.0,0.1,0.6666666666666666,0.3,0.2,1.2222222222222223,1,0.027777777777777776,0.000,0.8,0.1155,0.08085,0.18,0.4,0.19764,0.1386,0.033074555555555524,2026-05-14 00:00:00
Leo Jiménez,MIA,MIN,0.7,0.1,0.0,0.0,0.8571428571428571,0.4,0.1,1.4285714285714284,0.9999999999999999,0.0357142857142857,0.000,0.7999999999999999,0.25,1.49705,0.38,0.7,0.255,4.5,1.4674896666666664,2026-05-14 00:00:00
Nick Loftin,KCR,CHW,0.2,0.3,0.0,0.0,0.4166666666666667,0.3,0.3,1,0.6666666666666667,0.28125,0.000,0.7985333333333335,0.258,2.24895,0.48,0.9,0.1464,1.7215,0.9176958888888888,2026-05-14 00:00:00
Salvador Perez,KCR,CHW,0.2,0.1,0.0,0.1,0.3333333333333333,0.2,0.3,0.75,0.6666666666666667,0.2604166666666667,0.178,0.7985333333333335,0.20700000000000002,1.15995,0.57,0.7,-0.018680000000000016,0.3165,0.6090358888888889,2026-05-14 00:00:00
Keibert Ruiz,WSN,CIN,0.1,0.2,0.0,0.0,0.3333333333333333,0.2,0.3,0.875,0.6666666666666665,0.234375,0.000,0.7985333333333333,0.1815,0.868625,0.46,0.6,0.007559999999999983,0.18555555555555558,0.45084638888888884,2026-05-14 00:00:00
Tyler Freeman,COL,PIT,0.2,0.0,0.0,0.1,0.3333333333333333,0.1,0.3,0.7999999999999999,0.7333333333333332,0.05833333333333333,0.229,0.7910666666666666,0.191,1.29135,0.43,0.7,0.0215,0.192,0.48010211111111106,2026-05-14 00:00:00
Alec Bohm,PHI,BOS,0.2,0.1,0.0,0.1,0.375,0.1,0.3,0.7916666666666667,0.7083333333333333,0.25595238095238093,0.263,0.7906666666666666,0.2005,0.91555,0.45,0.7,0.08795999999999998,0.321,0.4300752222222222,2026-05-14 00:00:00
Ke'Bryan Hayes,CIN,WSN,0.4,0.0,0.0,0.1,0.4285714285714285,0.1,0.1,0.5714285714285713,0.6428571428571429,0.20535714285714285,0.000,0.7758857142857143,0.2205,0.9878750000000001,0.59,0.7,0.019840000000000052,0.45675,0.5986558333333333,2026-05-14 00:00:00
Connor Joe,SEA,HOU,0.3,0.1,0.0,0.0,0.375,0.1,0.3,0.75,0.5,0.28125,0.000,0.774,0.28200000000000003,1.49675,0.57,0.8,0.07599999999999998,1.092,0.7798150000000001,2026-05-14 00:00:00
Eugenio Suárez,CIN,WSN,0.3,0.0,0.0,0.1,0.3636363636363636,0.2,0.2,0.7272727272727272,0.6363636363636364,0.21022727272727273,0.000,0.7706909090909091,0.1955,0.9969750000000001,0.60,0.7,0.095,0.1641111111111111,0.4369362777777779,2026-05-14 00:00:00
Curtis Mead,WSN,CIN,0.1,0.1,0.0,0.1,0.2962962962962963,0.2,0.3,0.7777777777777777,0.6296296296296295,0.21817129629629628,0.231,0.7689037037037036,0.1955,1.772775,0.50,0.7,0.019980000000000005,0.4116666666666667,0.6107642777777778,2026-05-14 00:00:00
Austin Hays,CHW,KCR,0.3,0.2,0.0,0.0,0.5,0.0,0.0,0.5,0.6666666666666667,0.3229166666666667,0.000,0.7677333333333334,0.2185,1.3592,0.62,0.7,0.06881999999999999,0.25,0.5112875555555556,2026-05-14 00:00:00
Tanner Murray,CHW,KCR,0.3,0.0,0.0,0.1,0.3636363636363636,0.2,0.2,0.7272727272727272,0.6363636363636364,0.21022727272727273,0.000,0.7662909090909091,0.18775,1.201625,0.49,0.6,0.05341999999999998,0.156,0.43357972222222224,2026-05-14 00:00:00
Ty France,SDP,MIL,0.2,0.1,0.1,0.0,0.3846153846153846,0.0,0.3,0.6923076923076923,0.6153846153846154,0.1813186813186813,0.000,0.7599076923076924,0.22775,0.936175,0.47,0.7,0.22114000000000003,0.12055555555555555,0.25045272222222215,2026-05-14 00:00:00
Jorbit Vivas,WSN,CIN,0.4,0.1,0.0,0.0,0.5161290322580645,0.4,0.1,0.967741935483871,0.6129032258064515,0.19606854838709678,0.000,0.7555225806451613,0.21400000000000002,1.037825,0.40,0.6,0.13908000000000004,0.34800000000000003,0.363240611111111,2026-05-14 00:00:00
Francisco Alvarez,NYM,DET,0.4,0.1,0.0,0.1,0.5714285714285714,0.3,0.2,1.0857142857142856,0.9428571428571428,0.05,0.310,0.7542857142857143,0.119,0.4405,0.27,0.5,0.10400000000000001,0.2635,0.23782111111111112,2026-05-14 00:00:00
Seiya Suzuki,CHC,ATL,0.3,0.1,0.0,0.1,0.4210526315789473,0.3,0.1,0.8421052631578946,0.631578947368421,0.1825657894736842,0.179,0.7524631578947368,0.24025,1.243525,0.56,0.8,0.13699999999999998,0.518,0.5317070555555555,2026-05-14 00:00:00
Iván Herrera,STL,ATH,0.3,0.1,0.0,0.0,0.34375,0.2,0.2,0.71875,0.5,0.2421875,0.306,0.7524000000000001,0.26325,2.6712249999999997,0.59,0.9,0.04764,0.6164,0.7671143888888888,2026-05-14 00:00:00
Pete Crow-Armstrong,CHC,ATL,0.4,0.0,0.0,0.0,0.4411764705882353,0.2,0.1,0.7941176470588236,0.6176470588235295,0.14705882352941177,0.220,0.7501176470588237,0.234,0.7103999999999999,0.43,0.7,0.26042,0.268,0.2384662222222222,2026-05-14 00:00:00
Nick Yorke,PIT,COL,0.3,0.1,0.0,0.0,0.4545454545454545,0.1,0.1,0.6818181818181818,0.590909090909091,0.2563131313131313,0.000,0.7391272727272729,0.1975,0.8325,0.51,0.6,0.08590000000000002,0.2821,0.4158713333333333,2026-05-14 00:00:00
Matt Vierling,DET,NYM,0.2,0.1,0.0,0.0,0.3703703703703703,0.1,0.3,0.7407407407407406,0.6296296296296295,0.20254629629629628,0.209,0.7321037037037037,0.17125,0.9009499999999999,0.43,0.5,0.05373999999999999,0.15152941176470588,0.369078568627451,2026-05-14 00:00:00
Kyle Karros,COL,PIT,0.4,0.1,0.0,0.0,0.4583333333333333,0.2,0.1,0.75,0.5416666666666666,0.06770833333333333,0.290,0.7277333333333333,0.25949999999999995,1.18465,0.82,0.7,0.07599999999999998,0.3021428571428571,0.5987901111111111,2026-05-14 00:00:00
Jared Young,NYM,DET,0.5,0.2,0.0,0.0,0.7,0.2,0.2,1.0999999999999999,0.9,0.05,0.000,0.7200000000000001,0.175,0.59185,0.28,0.5,0.20616,1.1666666666666667,0.4325176666666667,2026-05-14 00:00:00
Ezequiel Tovar,COL,PIT,0.4,0.1,0.0,0.0,0.4705882352941176,0.1,0.2,0.7647058823529411,0.5294117647058824,0.06158088235294118,0.200,0.7179294117647059,0.2565,1.1249,0.59,0.7,0.27935999999999994,0.23353846153846156,0.2931914358974359,2026-05-14 00:00:00
Brandon Marsh,PHI,BOS,0.4,0.0,0.1,0.0,0.4210526315789473,0.2,0.3,0.8421052631578947,0.5263157894736842,0.08458646616541353,0.435,0.7146526315789474,0.2595,0.54375,0.53,0.7,0.29177999999999993,0.25999999999999995,0.23281166666666664,2026-05-14 00:00:00
Brooks Lee,MIN,MIA,0.4,0.1,0.0,0.1,0.5779914529914529,0.3,0.4,1.25,0.8931623931623931,0.03872863247863248,0.283,0.7145299145299145,0.12975,0.37217500000000003,0.24,0.5,0.12487,0.42951724137931035,0.2520308831417624,2026-05-14 00:00:00
Sal Frelick,MIL,SDP,0.6,0.1,0.0,0.1,0.6756756756756757,0.5,0.2,1.3783783783783785,0.8918918918918919,0.02702702702702703,0.250,0.7135135135135136,0.142,1.0391499999999998,0.19,0.5,0.16471999999999998,1.0327272727272725,0.40651485858585856,2026-05-14 00:00:00
Leo Rivas,SEA,HOU,0.3,0.0,0.0,0.0,0.3333333333333333,0.2,0.2,0.7272727272727273,0.4242424242424242,0.26515151515151514,0.000,0.7133939393939395,0.22999999999999998,1.0284499999999999,0.48,0.7,0.12435999999999997,0.12675,0.3566981111111112,2026-05-14 00:00:00
Bryson Stott,PHI,BOS,0.3,0.0,0.0,0.1,0.375,0.1,0.2,0.6875,0.5625,0.15848214285714285,0.224,0.7088000000000001,0.2925,3.27245,0.54,0.9,0.1622,3.75,1.5737858888888887,2026-05-14 00:00:00
Willson Contreras,BOS,PHI,0.2,0.0,0.0,0.2,0.3846153846153846,0.3,0.2,0.9615384615384615,0.8846153846153848,0.048076923076923093,0.219,0.7076923076923078,0.135,0.66455,0.26,0.6,0.09006,0.405,0.3636574444444445,2026-05-14 00:00:00
Rafael Marchán,PHI,BOS,0.1,0.0,0.0,0.1,0.2222222222222222,0.2,0.2,0.6666666666666666,0.5555555555555556,0.17063492063492064,0.000,0.7032444444444446,0.16749999999999998,0.55905,0.53,0.6,-0.05714,0.0625,0.47465522222222223,2026-05-14 00:00:00
Jerar Encarnacion,SFG,LAD,0.4,0.0,0.0,0.0,0.4285714285714285,0.0,0.0,0.4285714285714285,0.4285714285714285,0.32142857142857145,0.000,0.7024571428571429,0.2215,0.7285999999999999,0.37,0.6,0.17396,0.176,0.23520266666666662,2026-05-14 00:00:00
Jackson Merrill,SDP,MIL,0.3,0.2,0.0,0.0,0.4,0.2,0.4,0.9500000000000001,0.55,0.10892857142857143,0.256,0.6992,0.256,1.2361499999999999,0.44,0.7,0.26102000000000003,0.19014285714285714,0.25511122222222227,2026-05-14 00:00:00
Xander Bogaerts,SDP,MIL,0.4,0.1,0.0,0.0,0.4736842105263158,0.1,0.2,0.736842105263158,0.5263157894736841,0.2274436090225564,0.225,0.6970526315789473,0.27,2.8764000000000003,0.60,0.8,0.17912,1.9980000000000002,1.010792888888889,2026-05-14 00:00:00
Jared Triolo,PIT,COL,0.3,0.1,0.0,0.0,0.4,0.2,0.2,0.8,0.5,0.20555555555555555,0.000,0.6968000000000001,0.19974999999999998,1.1351749999999998,0.46,0.6,0.11138,0.145,0.34530272222222214,2026-05-14 00:00:00
Jake Rogers,DET,NYM,0.2,0.1,0.1,0.0,0.3333333333333333,0.3,0.3,0.9166666666666665,0.5833333333333334,0.19791666666666666,0.000,0.6950666666666667,0.15325,0.6870499999999999,0.40,0.5,0.05009999999999999,0.0875,0.3072896666666667,2026-05-14 00:00:00
Willi Castro,COL,PIT,0.4,0.1,0.0,0.0,0.5,0.2,0.2,0.888888888888889,0.6111111111111112,0.05277777777777778,0.195,0.693288888888889,0.2315,1.23265,0.39,0.7,0.2797,0.273,0.22139344444444448,2026-05-14 00:00:00
Brandon Lockridge,MIL,SDP,0.6,0.1,0.0,0.0,0.7272727272727273,0.2,0.4,1.3181818181818181,0.8636363636363638,0.0340909090909091,0.000,0.690909090909091,0.157,0.3951,0.16,0.5,0.32504,0.49342857142857144,0.051659333333333335,2026-05-14 00:00:00
Alex Bregman,CHC,ATL,0.4,0.0,0.0,0.0,0.4347826086956522,0.2,0.2,0.782608695652174,0.5652173913043479,0.1983695652173913,0.209,0.6905739130434783,0.20650000000000002,1.4022999999999999,0.51,0.7,0.11947999999999998,0.5151111111111111,0.5001113333333334,2026-05-14 00:00:00
Owen Caissie,MIA,MIN,0.3,0.1,0.0,0.1,0.5,0.3,0.5,1.3055555555555556,0.8611111111111112,0.048611111111111105,0.000,0.688888888888889,0.1025,0.221,0.34,0.4,0.06044000000000001,0.1651388888888889,0.24061444444444446,2026-05-14 00:00:00
Marcelo Mayer,BOS,PHI,0.3,0.0,0.0,0.1,0.4285714285714285,0.1,0.6,1.1428571428571428,0.8571428571428569,0.0357142857142857,0.194,0.6857142857142855,0.1875,0.13124999999999998,0.25,0.8,0.12849999999999998,,0.21270833333333336,2026-05-14 00:00:00
Lane Thomas,KCR,CHW,0.3,0.0,0.0,0.0,0.3478260869565217,0.2,0.2,0.7826086956521738,0.5217391304347826,0.24048913043478262,0.000,0.6825913043478262,0.219,1.8498499999999998,0.47,0.7,0.10323999999999998,0.6042857142857143,0.5765343333333334,2026-05-14 00:00:00
Bo Bichette,NYM,DET,0.7,0.1,0.0,0.0,0.725,0.3,0.3,1.275,0.85,0.018750000000000003,0.191,0.68,0.119,0.29125,0.29,0.4,0.09576000000000003,0.33496296296296296,0.23006018518518523,2026-05-14 00:00:00
Kody Clemens,MIN,MIA,0.2,0.1,0.0,0.1,0.4538461538461538,0.3,0.2,0.9628205128205128,0.835897435897436,0.051282051282051294,0.258,0.6687179487179489,0.135,0.45975,0.33,0.5,0.10744,0.2784375,0.28952416666666664,2026-05-14 00:00:00
Luis Campusano,SDP,MIL,0.2,0.2,0.0,0.0,0.3333333333333333,0.2,0.2,0.6666666666666667,0.5000000000000001,0.18452380952380953,0.000,0.6676000000000002,0.23025,0.937925,0.60,0.7,0.17600000000000002,0.111,0.3354110555555555,2026-05-14 00:00:00
Tristan Gray,MIN,MIA,0.4,0.0,0.0,0.1,0.4916666666666667,0.2,0.4,1.1027777777777776,0.8333333333333335,0.0326388888888889,0.000,0.6666666666666669,0.116,0.161775,0.33,0.4,0.25039,0.17846153846153848,0.0648690641025641,2026-05-14 00:00:00
Luis Rengifo,MIL,SDP,0.4,0.2,0.0,0.0,0.6333333333333333,0.3,0.3,1.2,0.8333333333333333,0.05,0.265,0.6666666666666666,0.1375,0.77565,0.18,0.5,0.19004,0.9281250000000001,0.3269295555555556,2026-05-14 00:00:00
Nathan Church,STL,ATH,0.4,0.0,0.0,0.0,0.3888888888888889,0.2,0.2,0.7222222222222223,0.3888888888888889,0.21875,0.279,0.6635111111111112,0.28825,1.722375,0.37,0.8,0.24536000000000002,0.7155,0.44443361111111124,2026-05-14 00:00:00
Marcus Semien,NYM,DET,0.4,0.1,0.0,0.0,0.5853658536585366,0.2,0.3,1.121951219512195,0.8292682926829267,0.03658536585365854,0.200,0.6634146341463414,0.1035,0.2846,0.24,0.3,0.07964,0.253,0.20616488888888895,2026-05-14 00:00:00
Jake Mangum,PIT,COL,0.4,0.0,0.0,0.0,0.4090909090909091,0.3,0.1,0.7727272727272728,0.45454545454545453,0.1919191919191919,0.000,0.6604363636363637,0.21725,1.288275,0.38,0.6,0.19704,0.19506666666666667,0.27279183333333334,2026-05-14 00:00:00
Nick Allen,HOU,SEA,0.3,0.0,0.0,0.0,0.3333333333333333,0.3,0.0,0.6666666666666666,0.3333333333333333,0.25,0.000,0.6586666666666667,0.26575,1.2314249999999998,0.51,0.7,0.1761,0.26639999999999997,0.3802386111111111,2026-05-14 00:00:00
Drew Romo,CHW,KCR,0.0,0.0,0.0,0.1,0.125,0.1,0.1,0.375,0.5,0.21875,0.120,0.6572,0.15225,1.685675,0.39,0.7,-0.11690000000000002,0.148,0.6261471666666667,2026-05-14 00:00:00
Brett Baty,NYM,DET,0.4,0.1,0.0,0.0,0.5641025641025641,0.3,0.3,1.1538461538461537,0.8205128205128204,0.044871794871794865,0.219,0.6564102564102563,0.108,0.2909,0.30,0.4,0.09037999999999996,0.22993548387096774,0.21401149103942657,2026-05-14 00:00:00
Luis Robert Jr.,NYM,DET,0.5,0.1,0.0,0.0,0.6818181818181818,0.2,0.1,1.0454545454545454,0.8181818181818182,0.0340909090909091,0.000,0.6545454545454547,0.1135,0.49885,0.23,0.4,0.12969999999999998,0.3480666666666667,0.19363411111111117,2026-05-14 00:00:00
Victor Scott II,STL,ATH,0.4,0.0,0.0,0.0,0.375,0.1,0.1,0.5833333333333334,0.375,0.21875,0.160,0.6524000000000001,0.27425,1.6542249999999998,0.31,0.8,0.256,0.5316666666666666,0.34778683333333327,2026-05-14 00:00:00
Alex Call,LAD,SFG,0.3,0.1,0.0,0.0,0.4285714285714285,0.4,0.2,1,0.5714285714285713,0.1450892857142857,0.000,0.6523428571428571,0.20124999999999998,1.7681499999999999,0.34,0.6,0.1778,0.3974285714285714,0.36201344444444444,2026-05-14 00:00:00
Alec Burleson,STL,ATH,0.3,0.0,0.0,0.0,0.34375,0.2,0.2,0.71875,0.46875,0.078125,0.300,0.6494,0.2225,1.84935,0.47,0.7,0.058939999999999965,0.25527272727272726,0.5008862525252525,2026-05-14 00:00:00
Mickey Moniak,COL,PIT,0.1,0.0,0.0,0.1,0.2222222222222222,0.2,0.2,0.5555555555555557,0.5555555555555556,0.05277777777777778,0.325,0.6488444444444446,0.1785,1.1231999999999998,0.38,0.6,0.10676,0.05566666666666667,0.31641311111111103,2026-05-14 00:00:00
Jac Caglianone,KCR,CHW,0.1,0.1,0.0,0.0,0.2608695652173913,0.1,0.1,0.43478260869565216,0.4782608695652173,0.2513586956521739,0.225,0.6478086956521739,0.2015,0.8758,0.56,0.7,0.046,0.12,0.4466757777777778,2026-05-14 00:00:00
Austin Martin,MIN,MIA,0.5,0.1,0.0,0.0,0.6318518518518519,0.3,0.2,1.06,0.8074074074074075,0.0338888888888889,0.350,0.645925925925926,0.1625,1.001975,0.24,0.5,0.21700999999999998,0.8511904761904763,0.34194183333333344,2026-05-14 00:00:00
Nasim Nuñez,WSN,CIN,0.4,0.0,0.0,0.0,0.4166666666666667,0.3,0.3,1,0.4722222222222222,0.17881944444444445,0.233,0.6429777777777779,0.184,1.286975,0.36,0.5,0.11712,0.2375238095238095,0.3267718333333333,2026-05-14 00:00:00
Michael Busch,CHC,ATL,0.3,0.0,0.0,0.0,0.3333333333333333,0.2,0.3,0.8518518518518519,0.4814814814814814,0.14351851851851852,0.342,0.6411851851851851,0.20700000000000002,1.0469499999999998,0.50,0.7,0.08612000000000003,0.3566666666666667,0.46156366666666654,2026-05-14 00:00:00
Santiago Espinal,LAD,SFG,0.1,0.2,0.0,0.0,0.3333333333333333,0.3,0.0,0.6666666666666666,0.5555555555555556,0.16493055555555555,0.000,0.6396444444444445,0.23075,0.9538499999999999,0.65,0.7,-0.04496,0.273,0.6358532222222222,2026-05-14 00:00:00
Eli White,ATL,CHC,0.3,0.0,0.0,0.1,0.3571428571428572,0.4,0.3,1,0.5714285714285714,0.047857142857142855,0.000,0.6319428571428571,0.17875,0.741125,0.44,0.5,0.03682,0.23125,0.39620305555555557,2026-05-14 00:00:00
Matt McLain,CIN,WSN,0.3,0.0,0.0,0.1,0.3,0.2,0.1,0.5499999999999999,0.45,0.23125,0.171,0.6312000000000001,0.213,1.4676,0.50,0.7,0.08116,0.3091111111111111,0.49116933333333335,2026-05-14 00:00:00
Wilyer Abreu,BOS,PHI,0.5,0.1,0.0,0.0,0.6071428571428571,0.4,0.2,1.1785714285714284,0.7857142857142856,0.026785714285714284,0.300,0.6285714285714286,0.189,0.472,0.26,0.6,0.25895999999999997,0.924,0.31308,2026-05-14 00:00:00
Hao-Yu Lee,DET,NYM,0.3,0.1,0.0,0.0,0.4,0.1,0.2,0.7,0.5,0.18125,0.000,0.6284000000000001,0.18575,0.77305,0.49,0.5,0.08975999999999999,0.15833333333333335,0.3440118888888889,2026-05-14 00:00:00
Graham Pauley,MIA,MIN,0.2,0.2,0.0,0.0,0.4444444444444444,0.2,0.3,0.9629629629629629,0.7777777777777778,0.06481481481481481,0.000,0.6222222222222222,0.087,0.2755,0.18,0.3,0.10197999999999999,0.14789999999999998,0.1272397777777778,2026-05-14 00:00:00
Jake McCarthy,COL,PIT,0.3,0.0,0.1,0.0,0.375,0.1,0.3,0.75,0.625,0.03125,0.000,0.6144000000000001,0.22149999999999997,1.367,0.28,0.7,0.34892,0.3,0.1509333333333333,2026-05-14 00:00:00
Wenceel Pérez,DET,NYM,0.2,0.0,0.0,0.0,0.32,0.3,0.0,0.6400000000000001,0.48,0.17625,0.205,0.6124,0.16475,0.96105,0.39,0.5,0.04945999999999999,0.22199999999999998,0.36847411111111117,2026-05-14 00:00:00
JJ Wetherholt,STL,ATH,0.2,0.0,0.0,0.1,0.2631578947368421,0.2,0.1,0.5526315789473684,0.42105263157894735,0.0756578947368421,0.250,0.6112421052631579,0.2165,2.14225,0.53,0.7,-0.013000000000000012,0.37090909090909085,0.6586117676767677,2026-05-14 00:00:00
Trea Turner,PHI,BOS,0.3,0.0,0.0,0.0,0.3333333333333333,0.2,0.0,0.5925925925925926,0.4814814814814814,0.2328042328042328,0.189,0.6091851851851852,0.1835,1.24755,0.44,0.6,0.0838,0.288,0.4054707777777778,2026-05-14 00:00:00
Michael Massey,KCR,CHW,0.1,0.1,0.0,0.0,0.2857142857142857,0.0,0.1,0.4285714285714285,0.4285714285714284,0.2544642857142857,0.000,0.6080571428571429,0.173,0.84675,0.29,0.5,0.19092,0.04766666666666666,0.14048166666666664,2026-05-14 00:00:00
Isaac Collins,KCR,CHW,0.2,0.0,0.0,0.0,0.2692307692307692,0.2,0.2,0.6538461538461537,0.423076923076923,0.23798076923076922,0.275,0.6036615384615385,0.191,1.01,0.51,0.6,0.07079999999999999,0.111875,0.39287500000000003,2026-05-14 00:00:00
Pedro Pagés,STL,ATH,0.2,0.1,0.0,0.0,0.25,0.1,0.0,0.3125,0.3125,0.234375,0.129,0.6024,0.20625,1.540575,0.40,0.6,0.11307999999999999,0.09625,0.3399711666666666,2026-05-14 00:00:00
Josh Bell,MIN,MIA,0.3,0.1,0.0,0.0,0.5062741312741312,0.3,0.3,1.1785714285714284,0.752895752895753,0.03921332046332047,0.186,0.6023166023166024,0.11475,0.36412500000000003,0.27,0.4,0.10266999999999997,0.26308536585365855,0.21659140243902442,2026-05-14 00:00:00
Miguel Amaya,CHC,ATL,0.3,0.1,0.0,0.0,0.3571428571428572,0.2,0.1,0.6428571428571429,0.42857142857142855,0.17410714285714285,0.000,0.5900571428571428,0.23125,1.761425,0.43,0.7,0.18586000000000003,0.9266666666666667,0.5579032777777777,2026-05-14 00:00:00
Christian Koss,SFG,LAD,0.0,0.1,0.0,0.0,0.1428571428571428,0.1,0.0,0.2857142857142856,0.2857142857142856,0.35714285714285715,0.000,0.5881714285714286,0.179,0.7254499999999999,0.41,0.6,0.03329999999999999,0.0455,0.34296699999999997,2026-05-14 00:00:00
J.T. Realmuto,PHI,BOS,0.5,0.0,0.0,0.0,0.4545454545454545,0.1,0.1,0.6363636363636364,0.4545454545454545,0.21428571428571427,0.176,0.5876363636363636,0.20700000000000002,1.04555,0.55,0.6,0.05399999999999998,0.681,0.5678574444444444,2026-05-14 00:00:00
Brenton Doyle,COL,PIT,0.2,0.1,0.0,0.0,0.2608695652173913,0.3,0.0,0.6521739130434782,0.34782608695652173,0.06861413043478261,0.000,0.5726608695652173,0.2095,1.29365,0.58,0.6,0.08459999999999998,0.20020000000000002,0.4511305555555555,2026-05-14 00:00:00
Esteury Ruiz,MIA,MIN,0.1,0.0,0.0,0.1,0.2857142857142857,0.6,0.1,0.9999999999999999,0.714285714285714,0.0357142857142857,0.000,0.5714285714285712,0.111,0.07769999999999999,0.20,0.5,0.11,0.111,0.16529755555555564,2026-05-14 00:00:00
Garrett Mitchell,MIL,SDP,0.3,0.2,0.0,0.0,0.4594594594594595,0.4,0.5,1.2972972972972974,0.7027027027027029,0.04729729729729731,0.158,0.5621621621621623,0.0975,0.372,0.32,0.4,0.14921999999999996,0.15695121951219515,0.14571300813008137,2026-05-14 00:00:00
Trevor Larnach,MIN,MIA,0.3,0.1,0.0,0.0,0.4360795454545455,0.3,0.3,0.9616477272727275,0.6974431818181819,0.03870738636363637,0.250,0.5579545454545455,0.093,0.5937250000000001,0.21,0.4,0.052570000000000006,0.3565,0.2789290555555555,2026-05-14 00:00:00
Vinnie Pasquantino,KCR,CHW,0.2,0.0,0.0,0.0,0.2727272727272727,0.1,0.2,0.5454545454545454,0.36363636363636365,0.23011363636363635,0.294,0.556109090909091,0.1695,0.92855,0.40,0.5,0.08814000000000002,0.07253333333333334,0.2895767777777778,2026-05-14 00:00:00
Yohel Pozo,STL,ATH,0.3,0.0,0.0,0.0,0.25,0.0,0.4,0.625,0.25,0.21875,0.000,0.5524,0.20074999999999998,1.460875,0.46,0.5,-0.017020000000000014,0.09533333333333333,0.4667547222222222,2026-05-14 00:00:00
Ramón Laureano,SDP,MIL,0.2,0.1,0.0,0.0,0.25,0.3,0.1,0.6,0.35,0.16785714285714284,0.069,0.5476,0.20274999999999999,1.139925,0.49,0.6,0.105,0.14844444444444443,0.3662377222222222,2026-05-14 00:00:00
Luke Keaschall,MIN,MIA,0.4,0.1,0.0,0.0,0.5225,0.3,0.2,1.0325,0.6825000000000001,0.03375,0.222,0.5460000000000002,0.11375,0.56455,0.21,0.4,0.12419,0.40950000000000003,0.22092633333333336,2026-05-14 00:00:00
Andrew Benintendi,CHW,KCR,0.4,0.0,0.0,0.0,0.3571428571428572,0.1,0.0,0.5,0.3571428571428572,0.1875,0.267,0.5429142857142858,0.22825,1.154125,0.41,0.6,0.2233,0.263,0.26764305555555556,2026-05-14 00:00:00
Agustín Ramírez,MIA,MIN,0.4,0.1,0.0,0.0,0.5161290322580645,0.3,0.3,1.096774193548387,0.6774193548387096,0.024193548387096774,0.000,0.5419354838709677,0.0975,0.3552,0.17,0.3,0.13072,0.1875,0.10920311111111111,2026-05-14 00:00:00
Rob Refsnyder,SEA,HOU,0.2,0.0,0.0,0.0,0.2,0.1,0.0,0.30000000000000004,0.2,0.25,0.000,0.534,0.2455,1.15075,0.77,0.7,-0.11750000000000002,0.30000000000000004,0.7462394444444445,2026-05-14 00:00:00
Carlos Narváez,BOS,PHI,0.4,0.1,0.0,0.0,0.5555555555555556,0.1,0.1,0.7777777777777779,0.6666666666666666,0.027777777777777776,0.000,0.5333333333333333,0.2085,0.14595,0.35,0.6,0.262,1.0425,0.35910144444444436,2026-05-14 00:00:00
Javier Sanoja,MIA,MIN,0.5,0.1,0.0,0.0,0.5769230769230769,0.1,0.3,0.9230769230769229,0.6538461538461539,0.019230769230769232,0.000,0.5230769230769231,0.139,0.57365,0.15,0.4,0.22099999999999997,0.7942857142857144,0.22387455555555563,2026-05-14 00:00:00
Darell Hernaiz,ATH,STL,0.4,0.0,0.0,0.0,0.3529411764705883,0.2,0.1,0.6470588235294119,0.3529411764705883,0.16666666666666666,0.000,0.5219529411764706,0.18925,1.075,0.37,0.5,0.1714,0.345,0.2934777777777777,2026-05-14 00:00:00
Jakob Marsee,MIA,MIN,0.4,0.1,0.0,0.0,0.5,0.4,0.2,1.0952380952380953,0.6428571428571429,0.023809523809523808,0.189,0.5142857142857143,0.0895,0.49465000000000003,0.21,0.3,0.08856,0.23096774193548386,0.1817344121863799,2026-05-14 00:00:00
Gary Sánchez,MIL,SDP,0.1,0.0,0.0,0.1,0.24,0.2,0.3,0.72,0.64,0.04,0.000,0.512,0.0555,0.47750000000000004,0.21,0.3,-0.0485,0.1040625,0.2830097222222222,2026-05-14 00:00:00
Nolan Gorman,STL,ATH,0.2,0.1,0.0,0.0,0.2352941176470588,0.1,0.3,0.6470588235294117,0.29411764705882354,0.07720588235294118,0.256,0.5096941176470589,0.20550000000000002,1.8476000000000001,0.35,0.6,0.14486,0.182,0.3342893333333334,2026-05-14 00:00:00
Matt Wallner,MIN,MIA,0.2,0.1,0.0,0.1,0.3549783549783549,0.3,0.2,0.7878787878787877,0.6255411255411254,0.03300865800865801,0.000,0.5004329004329003,0.0805,0.186225,0.27,0.3,0.07111999999999997,0.08781818181818181,0.16289259090909092,2026-05-14 00:00:00
Carter Jensen,KCR,CHW,0.2,0.0,0.0,0.0,0.25,0.3,0.1,0.5833333333333334,0.29166666666666663,0.22916666666666666,0.158,0.4985333333333334,0.2015,1.2246000000000001,0.40,0.6,0.14514,0.30000000000000004,0.34391933333333335,2026-05-14 00:00:00
Nick Castellanos,SDP,MIL,0.1,0.1,0.0,0.0,0.2142857142857143,0.0,0.1,0.3571428571428571,0.28571428571428564,0.1607142857142857,0.000,0.49617142857142854,0.19824999999999998,1.060225,0.61,0.6,0.015399999999999997,0.10533333333333333,0.4676512777777778,2026-05-14 00:00:00
Miguel Rojas,LAD,SFG,0.4,0.0,0.0,0.0,0.375,0.1,0.1,0.625,0.375,0.109375,0.000,0.4952000000000001,0.19425,0.9261999999999999,0.42,0.5,0.06279999999999998,0.27999999999999997,0.37944977777777783,2026-05-14 00:00:00
Dane Myers,CIN,WSN,0.1,0.0,0.0,0.0,0.1666666666666667,0.3,0.0,0.45833333333333337,0.29166666666666663,0.19791666666666666,0.000,0.49493333333333334,0.149,1.038175,0.46,0.5,0.015739999999999983,0.07079999999999999,0.3900411666666667,2026-05-14 00:00:00
Andruw Monasterio,BOS,PHI,0.2,0.1,0.0,0.1,0.3076923076923077,0.3,0.5,1.076923076923077,0.6153846153846154,0.038461538461538464,0.000,0.49230769230769234,0.087,0.41915,0.35,0.4,-0.04257999999999999,0.20299999999999999,0.3687912222222222,2026-05-14 00:00:00
Denzel Clarke,ATH,STL,0.3,0.0,0.0,0.0,0.3076923076923077,0.2,0.4,0.8461538461538463,0.3076923076923077,0.16666666666666666,0.000,0.4857538461538462,0.15225,0.7181499999999998,0.34,0.4,0.23335999999999996,0.054764705882352945,0.08289645098039217,2026-05-14 00:00:00
Royce Lewis,MIN,MIA,0.2,0.1,0.0,0.1,0.3471428571428571,0.2,0.3,0.8657142857142859,0.6028571428571428,0.033928571428571426,0.074,0.4822857142857142,0.07575,0.31499999999999995,0.22,0.3,0.05344,0.127828125,0.17700187499999998,2026-05-14 00:00:00
David Hamilton,MIL,SDP,0.5,0.1,0.0,0.0,0.5333333333333333,0.4,0.2,1.1333333333333333,0.6,0.016666666666666666,0.000,0.48,0.1095,0.43175,0.17,0.3,0.17063999999999996,0.3220588235294118,0.11644147058823534,2026-05-14 00:00:00
Jonathan India,KCR,CHW,0.0,0.0,0.0,0.1,0.06666666666666667,0.2,0.1,0.39999999999999997,0.26666666666666666,0.23541666666666666,0.000,0.47853333333333337,0.131,1.5531,0.52,0.6,-0.19824000000000003,0.07079999999999999,0.6705,2026-05-14 00:00:00
Billy Cook,PIT,COL,0.2,0.0,0.0,0.0,0.2222222222222222,0.1,0.0,0.3333333333333333,0.2222222222222222,0.18055555555555555,0.000,0.47457777777777777,0.23775000000000002,1.008675,0.42,0.6,0.2161,0.25,0.26628161111111104,2026-05-14 00:00:00
Mitch Garver,SEA,HOU,0.1,0.0,0.0,0.0,0.125,0.3,0.0,0.375,0.125,0.25,0.000,0.4740000000000001,0.1855,1.1455,0.46,0.5,0.02463999999999998,0.05333333333333333,0.39055111111111107,2026-05-14 00:00:00
TJ Rumfield,COL,PIT,0.3,0.0,0.0,0.0,0.3181818181818182,0.1,0.1,0.5,0.3181818181818182,0.025,0.311,0.4589454545454546,0.192,1.2776999999999998,0.49,0.5,0.04511999999999999,0.3104,0.45598177777777776,2026-05-14 00:00:00
Otto Kemp,PHI,BOS,0.3,0.0,0.0,0.0,0.25,0.0,0.0,0.25,0.25,0.14285714285714285,0.000,0.45880000000000004,0.17149999999999999,0.6447,0.55,0.5,0.057499999999999996,0.057,0.33750311111111114,2026-05-14 00:00:00
Thomas Saggese,STL,ATH,0.1,0.0,0.0,0.0,0.125,0.3,0.0,0.375,0.125,0.21875,0.000,0.4524,0.17075,1.829275,0.54,0.5,-0.06610000000000002,0.05533333333333333,0.5481831666666668,2026-05-14 00:00:00
TJ Friedl,CIN,WSN,0.3,0.0,0.0,0.0,0.25,0.1,0.0,0.375,0.25,0.15625,0.184,0.452,0.16899999999999998,0.9093500000000001,0.42,0.5,0.12512,0.19,0.29075211111111104,2026-05-14 00:00:00
Jake Cronenworth,SDP,MIL,0.2,0.0,0.0,0.0,0.2307692307692308,0.2,0.0,0.3846153846153847,0.2307692307692308,0.07142857142857142,0.000,0.4438153846153847,0.21000000000000002,1.00055,0.41,0.5,0.06399999999999997,0.15,0.3504774444444444,2026-05-14 00:00:00
Kyle Isbel,KCR,CHW,0.2,0.0,0.0,0.0,0.2142857142857143,0.1,0.1,0.4999999999999999,0.2142857142857143,0.21875,0.207,0.4366285714285715,0.2015,1.0792,0.58,0.6,0.011900000000000022,0.2,0.4902131111111111,2026-05-14 00:00:00
Joey Ortiz,MIL,SDP,0.3,0.0,0.0,0.0,0.3928571428571428,0.4,0.3,1,0.5357142857142858,0.017857142857142856,0.000,0.42857142857142866,0.095,0.27690000000000003,0.18,0.3,0.11317999999999998,0.21533333333333332,0.12839400000000006,2026-05-14 00:00:00
Moisés Ballesteros,CHC,ATL,0.0,0.1,0.0,0.0,0.1111111111111111,0.1,0.0,0.2222222222222222,0.2222222222222222,0.1840277777777778,0.059,0.4249777777777778,0.16375,0.916675,0.53,0.6,0.032,0.143,0.43031827777777787,2026-05-14 00:00:00
Tyler Stephenson,CIN,WSN,0.1,0.1,0.0,0.0,0.1333333333333333,0.1,0.1,0.2666666666666666,0.2,0.20416666666666666,0.211,0.42160000000000003,0.1355,1.236325,0.38,0.5,0.03990000000000001,0.079625,0.3389633888888889,2026-05-14 00:00:00
Jarren Duran,BOS,PHI,0.2,0.1,0.0,0.0,0.3809523809523809,0.1,0.1,0.619047619047619,0.5238095238095237,0.0357142857142857,0.213,0.419047619047619,0.1335,0.30455,0.24,0.4,0.20197999999999997,0.38142857142857145,0.1486485555555556,2026-05-14 00:00:00
Trevor Story,BOS,PHI,0.3,0.1,0.0,0.0,0.4,0.2,0.3,0.9200000000000002,0.52,0.03,0.256,0.41600000000000004,0.122,0.16615,0.30,0.4,0.1421,0.21146666666666666,0.15791300000000003,2026-05-14 00:00:00
Luisangel Acuña,CHW,KCR,0.2,0.0,0.0,0.0,0.1875,0.0,0.0,0.1875,0.1875,0.1875,0.000,0.40720000000000006,0.14825,0.955175,0.35,0.4,0.03435999999999999,0.061799999999999994,0.2938656111111111,2026-05-14 00:00:00
Masataka Yoshida,BOS,PHI,0.1,0.2,0.0,0.0,0.3,0.2,0.3,0.8,0.5,0.05,0.000,0.4,0.1155,0.4251,0.23,0.4,0.12012000000000002,0.462,0.2534682222222222,2026-05-14 00:00:00
Joey Wiemer,WSN,CIN,0.3,0.0,0.0,0.0,0.3157894736842105,0.3,0.1,0.631578947368421,0.3157894736842105,0.0625,0.000,0.39743157894736847,0.16999999999999998,0.5265,0.38,0.5,0.27288,0.13799999999999998,0.07723888888888886,2026-05-14 00:00:00
Troy Johnston,COL,PIT,0.2,0.0,0.0,0.0,0.2352941176470588,0.1,0.2,0.4705882352941176,0.2352941176470588,0.025,0.353,0.3926352941176471,0.182,1.33255,0.41,0.5,0.07036,0.29,0.39159855555555556,2026-05-14 00:00:00
Victor Caratini,MIN,MIA,0.4,0.0,0.0,0.0,0.3961352657004831,0.1,0.3,0.7769726247987118,0.48309178743961356,0.010869565217391306,0.000,0.38647342995169087,0.10075,0.3996,0.26,0.3,0.059099999999999986,0.2635,0.23901711111111112,2026-05-14 00:00:00
Roman Anthony,BOS,PHI,0.4,0.0,0.0,0.0,0.4347826086956522,0.1,0.0,0.608695652173913,0.4782608695652174,0.010869565217391306,0.000,0.3826086956521739,0.143,0.37970000000000004,0.31,0.4,0.15761999999999998,0.46474999999999994,0.23968088888888894,2026-05-14 00:00:00
JJ Bleday,CIN,WSN,0.1,0.0,0.0,0.0,0.1428571428571428,0.0,0.1,0.2857142857142856,0.1428571428571428,0.1875,0.279,0.37588571428571427,0.1455,1.7822250000000002,0.54,0.5,-0.0572,0.222,0.5644601666666667,2026-05-14 00:00:00
Gavin Sheets,SDP,MIL,0.1,0.0,0.0,0.0,0.125,0.0,0.0,0.125,0.125,0.14285714285714285,0.207,0.36760000000000004,0.17475,0.8990750000000001,0.45,0.4,0.0429,0.02775,0.3164256111111111,2026-05-14 00:00:00
Heriberto Hernández,MIA,MIN,0.5,0.0,0.0,0.0,0.45,0.2,0.4,0.95,0.45,0,0.000,0.36000000000000004,0.1,0.5579,0.29,0.3,0.05567999999999999,0.33333333333333337,0.26762733333333333,2026-05-14 00:00:00
Luis Torrens,NYM,DET,0.2,0.1,0.0,0.0,0.3125,0.3,0.3,0.875,0.4375,0.03125,0.000,0.35000000000000003,0.0735,0.2056,0.32,0.3,-0.007200000000000012,0.11433333333333333,0.24432711111111116,2026-05-14 00:00:00
Christopher Morel,MIA,MIN,0.4,0.0,0.0,0.0,0.4285714285714285,0.3,0.1,0.857142857142857,0.4285714285714285,0,0.179,0.3428571428571428,0.0835,0.2951,0.23,0.3,0.12012000000000002,0.1192857142857143,0.09415266666666668,2026-05-14 00:00:00
Sam Antonacci,CHW,KCR,0.1,0.0,0.0,0.0,0.09090909090909091,0.1,0.1,0.2727272727272727,0.09090909090909091,0.1875,0.333,0.3299272727272728,0.13225,1.196375,0.27,0.4,0.07452,0.0355,0.23514694444444442,2026-05-14 00:00:00
Justin Crawford,PHI,BOS,0.1,0.0,0.0,0.0,0.06666666666666667,0.1,0.1,0.33333333333333326,0.06666666666666667,0.14285714285714285,0.333,0.3121333333333334,0.133,0.67995,0.50,0.4,-0.07112,0.022400000000000003,0.40732788888888893,2026-05-14 00:00:00
Edgar Quero,CHW,KCR,0.1,0.0,0.0,0.0,0.05555555555555555,0.1,0.2,0.3333333333333333,0.05555555555555555,0.1875,0.000,0.3016444444444445,0.11525,1.370725,0.35,0.4,-0.03466000000000001,0.037,0.36581905555555555,2026-05-14 00:00:00
Tristan Peters,CHW,KCR,0.0,0.0,0.0,0.0,0,0.0,0.0,0,0,0.09375,0.267,0.27999999999999997,0.1,0.7818499999999999,0.21,0.3,0,0,0.20963322222222222,2026-05-14 00:00:00
Nathaniel Lowe,CIN,WSN,0.0,0.0,0.0,0.0,0,0.1,0.0,0.1111111111111111,0,0.1875,0.216,0.2616,0.09,1.0426250000000001,0.35,0.3,-0.084,0,0.35727972222222226,2026-05-14 00:00:00
Noelvi Marte,CIN,WSN,0.0,0.0,0.0,0.0,0,0.0,0.0,0,0,0.1875,0.000,0.2616,0.09,0.690675,0.35,0.3,-0.05600000000000001,0,0.2996071666666667,2026-05-14 00:00:00
Rece Hinds,CIN,WSN,0.0,0.0,0.0,0.0,0,0.2,0.0,0.1666666666666667,0,0.1875,0.000,0.2616,0.09,0.690675,0.25,0.3,0,0,0.2102738333333333,2026-05-14 00:00:00
Tyrone Taylor,NYM,DET,0.2,0.0,0.0,0.0,0.2608695652173913,0.0,0.2,0.4782608695652174,0.30434782608695654,0.010869565217391306,0.107,0.24347826086956526,0.073,0.2601,0.16,0.2,0.07925999999999998,0.16685714285714284,0.11062155555555557,2026-05-14 00:00:00
Austin Wynns,ATH,STL,0.0,0.0,0.0,0.0,0,0.1,0.0,0.1111111111111111,0,0.16666666666666666,0.000,0.2396,0.08575,0.7478,0.39,0.3,-0.11200000000000002,0,0.3778124444444445,2026-05-14 00:00:00
Jahmai Jones,DET,NYM,0.0,0.0,0.0,0.0,0,0.1,0.0,0.1111111111111111,0,0.15625,0.000,0.2284,0.09075,0.5636,0.35,0.2,-0.07,0,0.3004826666666667,2026-05-14 00:00:00
Dylan Moore,PHI,BOS,0.0,0.0,0.0,0.0,0,0.1,0.0,0.1111111111111111,0,0.21428571428571427,0.000,0.22400000000000003,0.0935,1.2367,0.45,0.3,-0.14,0,0.47242422222222225,2026-05-14 00:00:00
Caleb Durbin,BOS,PHI,0.2,0.1,0.0,0.0,0.2105263157894737,0.1,0.2,0.4736842105263158,0.26315789473684215,0.013157894736842105,0.147,0.21052631578947373,0.0645,0.47015,0.19,0.2,0.035419999999999986,0.18059999999999998,0.18307922222222223,2026-05-14 00:00:00
James Outman,MIN,MIA,0.2,0.1,0.0,0.0,0.2039473684210526,0.3,0.0,0.4605263157894736,0.256578947368421,0.013157894736842105,0.000,0.20526315789473681,0.0695,0.124325,0.20,0.2,0.07892999999999999,0.06415384615384616,0.08763146581196583,2026-05-14 00:00:00
Edouard Julien,COL,PIT,0.0,0.0,0.0,0.0,0,0.0,0.0,0,0,0.025,0.103,0.20440000000000003,0.095,1.2266,0.42,0.3,-0.14,0,0.44540155555555555,2026-05-14 00:00:00
Isiah Kiner-Falefa,BOS,PHI,0.3,0.0,0.0,0.0,0.25,0.1,0.2,0.5,0.25,0,0.000,0.2,0.075,0.0525,0.25,0.2,0.012820000000000026,0.09,0.16386333333333328,2026-05-14 00:00:00
Greg Jones,MIL,SDP,0.2,0.0,0.0,0.0,0.1666666666666667,0.0,0.2,0.3333333333333334,0.1666666666666667,0,0.000,0.1333333333333334,0.0355,0.024849999999999997,0.13,0.1,0.03386000000000001,0.011833333333333331,0.044944333333333315,2026-05-14 00:00:00
Connor Wong,BOS,PHI,0.1,0.0,0.0,0.0,0.125,0.1,0.1,0.375,0.125,0,0.000,0.1,0.0415,0.39990000000000003,0.10,0.2,0.044,0.05533333333333333,0.08037622222222222,2026-05-14 00:00:00
Blake Perkins,MIL,SDP,0.0,0.0,0.0,0.0,0,0.2,0.2,0.3846153846153847,0,0,0.000,0,0,0.16395,0.11,0.0,-0.07154,0,0.12982144444444446,2026-05-14 00:00:00
